﻿<?xml version="1.0" encoding="utf-8"?>
<Level>
	<Name>第二关：继续战斗</Name>
	<CardImage>card1.png</CardImage>
	<Background>bg1.png</Background>
	<Road>road2.png</Road>
	<InitScore>10</InitScore>
	<Holder>
		<Point X="1" Y="0" />
		<Point X="2" Y="0" />
		<Point X="3" Y="0" />
		<Point X="4" Y="0" />
		<Point X="5" Y="0" />
		<Point X="6" Y="0" />
		<Point X="7" Y="0" />
		<Point X="8" Y="0" />
		<Point X="1" Y="1" />
		<Point X="8" Y="1" />
		<Point X="1" Y="2" />
		<Point X="3" Y="2" />
		<Point X="4" Y="2" />
		<Point X="5" Y="2" />
		<Point X="6" Y="2" />
		<Point X="7" Y="2" />
		<Point X="8" Y="2" />
		<Point X="9" Y="2" />
		<Point X="10" Y="2" />
		<Point X="1" Y="3" />
		<Point X="10" Y="3" />
		<Point X="1" Y="4" />
		<Point X="2" Y="4" />
		<Point X="3" Y="4" />
		<Point X="4" Y="4" />
		<Point X="5" Y="4" />
		<Point X="6" Y="4" />
		<Point X="7" Y="4" />
		<Point X="8" Y="4" />
		<Point X="10" Y="4" />
		<Point X="3" Y="5" />
		<Point X="10" Y="5" />
		<Point X="3" Y="6" />
		<Point X="4" Y="6" />
		<Point X="5" Y="6" />
		<Point X="6" Y="6" />
		<Point X="7" Y="6" />
		<Point X="8" Y="6" />
		<Point X="9" Y="6" />
		<Point X="10" Y="6" />
	</Holder>
	<Path>
		<Point X="7" Y="1" />
		<Point X="2" Y="1" />
		<Point X="2" Y="3" />
		<Point X="9" Y="3" />
		<Point X="9" Y="5" />
		<Point X="4" Y="5" />
	</Path>
	<Rounds>
		<Round Monster="1" Count="10" />
	</Rounds>
</Level>